attack,dataset,target_model,target_checkpoint,n_total,n_skipped_orig_wrong,n_attacked,n_success,n_failed,n_budget_exceeded,original_accuracy,after_attack_accuracy,attack_success_rate,avg_queries,avg_change_rate,avg_semantic_sim,wall_time_sec,output_dir
bert_attack:fill-mask,reviews,youscan/ukr-roberta-base,/home/mudryi/phd_projects/xml-roberta-finetune-reviews/trained_models/7ddc/model_7ddc_7_600,9769,2317,7452,1042,6138,272,0.7628211690039922,0.6561572320605998,0.1398282340311326,33.30864197530864,0.1297169298126061,0.5835752438579531,4771.41509270668,/home/mudryi/phd_projects/ukr-synonym-robustness/results/bert_attack/reviews__ukr_roberta
bert_attack:fill-mask,reviews,sentence-transformers/paraphrase-multilingual-mpnet-base-v2,/home/mudryi/phd_projects/xml-roberta-finetune-reviews/trained_models/7yuz/model_7yuz_4_1200,9769,2190,7579,1117,6221,241,0.7758214760978606,0.6614801924454908,0.14738092096582664,33.35901834015041,0.12846462776748996,0.5875499339943075,5113.985341310501,/home/mudryi/phd_projects/ukr-synonym-robustness/results/bert_attack/reviews__sbert_mpnet
bert_attack:fill-mask,reviews,xlm-roberta-base,/home/mudryi/phd_projects/xml-roberta-finetune-reviews/trained_models/tmdk/model_tmdk_7_600,9769,2158,7611,959,6426,226,0.7790971440270242,0.6809294707749002,0.12600183944291157,33.40362633031139,0.14621037617361246,0.5833315095377737,5287.073400735855,/home/mudryi/phd_projects/ukr-synonym-robustness/results/bert_attack/reviews__xlmr_base
bert_attack:fill-mask,news,youscan/ukr-roberta-base,/home/mudryi/phd_projects/xml-roberta-finetune-reviews/trained_models/npz4/model_npz4_9_1000,10000,126,9874,1403,7147,1324,0.9874,0.8471,0.1420903382621025,19.190196475592465,0.281427808566447,0.437437951425496,2108.35454249382,/home/mudryi/phd_projects/ukr-synonym-robustness/results/bert_attack/news__ukr_roberta
bert_attack:fill-mask,news,sentence-transformers/paraphrase-multilingual-mpnet-base-v2,/home/mudryi/phd_projects/xml-roberta-finetune-reviews/trained_models/1kjq/model_1kjq_9_2500,10000,632,9368,2009,6267,1092,0.9368,0.7359,0.2144534585824082,18.85770708795901,0.2700310776584257,0.43804829319651833,1934.617828130722,/home/mudryi/phd_projects/ukr-synonym-robustness/results/bert_attack/news__sbert_mpnet
bert_attack:fill-mask,news,xlm-roberta-base,/home/mudryi/phd_projects/xml-roberta-finetune-reviews/trained_models/3rzr/model_3rzr_9_2500,10000,637,9363,1863,6536,964,0.9363,0.75,0.19897468760012815,19.077325643490333,0.272776035478976,0.44425924433934116,1970.8142354488373,/home/mudryi/phd_projects/ukr-synonym-robustness/results/bert_attack/news__xlmr_base
bert_attack:fill-mask,unlp,youscan/ukr-roberta-base,/home/mudryi/phd_projects/xml-roberta-finetune-reviews/trained_models/1ozc/model_1ozc_14,382,71,311,45,262,4,0.8141361256544503,0.6963350785340314,0.14469453376205788,41.546623794212216,0.14205238401311102,0.5488870766725433,380.51749444007874,/home/mudryi/phd_projects/ukr-synonym-robustness/results/bert_attack/unlp__ukr_roberta
bert_attack:fill-mask,unlp,sentence-transformers/paraphrase-multilingual-mpnet-base-v2,/home/mudryi/phd_projects/xml-roberta-finetune-reviews/trained_models/zzl4/model_zzl4_14,382,70,312,63,246,3,0.8167539267015707,0.6518324607329843,0.20192307692307693,44.125,0.13769058287101574,0.5835874027045316,381.07198548316956,/home/mudryi/phd_projects/ukr-synonym-robustness/results/bert_attack/unlp__sbert_mpnet
bert_attack:fill-mask,unlp,xlm-roberta-base,/home/mudryi/phd_projects/xml-roberta-finetune-reviews/trained_models/p0g9/model_p0g9_14,382,76,306,44,261,1,0.8010471204188482,0.6858638743455497,0.1437908496732026,44.89542483660131,0.12124586867143253,0.5554993700336766,419.53576254844666,/home/mudryi/phd_projects/ukr-synonym-robustness/results/bert_attack/unlp__xlmr_base
